--
-- PostgreSQL database dump
--

-- Dumped from database version 12.17 (Ubuntu 12.17-1.pgdg22.04+1)
-- Dumped by pg_dump version 12.17 (Ubuntu 12.17-1.pgdg22.04+1)

SET statement_timeout = 0;
SET lock_timeout = 0;
SET idle_in_transaction_session_timeout = 0;
SET client_encoding = 'UTF8';
SET standard_conforming_strings = on;
SELECT pg_catalog.set_config('search_path', '', false);
SET check_function_bodies = false;
SET xmloption = content;
SET client_min_messages = warning;
SET row_security = off;

DROP DATABASE universe;
--
-- Name: universe; Type: DATABASE; Schema: -; Owner: freecodecamp
--

CREATE DATABASE universe WITH TEMPLATE = template0 ENCODING = 'UTF8' LC_COLLATE = 'C.UTF-8' LC_CTYPE = 'C.UTF-8';


ALTER DATABASE universe OWNER TO freecodecamp;

\connect universe

SET statement_timeout = 0;
SET lock_timeout = 0;
SET idle_in_transaction_session_timeout = 0;
SET client_encoding = 'UTF8';
SET standard_conforming_strings = on;
SELECT pg_catalog.set_config('search_path', '', false);
SET check_function_bodies = false;
SET xmloption = content;
SET client_min_messages = warning;
SET row_security = off;

SET default_tablespace = '';

SET default_table_access_method = heap;

--
-- Name: galaxy; Type: TABLE; Schema: public; Owner: freecodecamp
--

CREATE TABLE public.galaxy (
    galaxy_id integer NOT NULL,
    name character varying(255) NOT NULL,
    description text NOT NULL,
    age_in_millions_of_years integer NOT NULL,
    has_life boolean NOT NULL
);


ALTER TABLE public.galaxy OWNER TO freecodecamp;

--
-- Name: galaxy_galaxy_id_seq; Type: SEQUENCE; Schema: public; Owner: freecodecamp
--

CREATE SEQUENCE public.galaxy_galaxy_id_seq
    AS integer
    START WITH 1
    INCREMENT BY 1
    NO MINVALUE
    NO MAXVALUE
    CACHE 1;


ALTER TABLE public.galaxy_galaxy_id_seq OWNER TO freecodecamp;

--
-- Name: galaxy_galaxy_id_seq; Type: SEQUENCE OWNED BY; Schema: public; Owner: freecodecamp
--

ALTER SEQUENCE public.galaxy_galaxy_id_seq OWNED BY public.galaxy.galaxy_id;


--
-- Name: moon; Type: TABLE; Schema: public; Owner: freecodecamp
--

CREATE TABLE public.moon (
    moon_id integer NOT NULL,
    name character varying(255) NOT NULL,
    is_spherical boolean NOT NULL,
    crater_count integer NOT NULL,
    planet_id integer NOT NULL
);


ALTER TABLE public.moon OWNER TO freecodecamp;

--
-- Name: moon_moon_id_seq; Type: SEQUENCE; Schema: public; Owner: freecodecamp
--

CREATE SEQUENCE public.moon_moon_id_seq
    AS integer
    START WITH 1
    INCREMENT BY 1
    NO MINVALUE
    NO MAXVALUE
    CACHE 1;


ALTER TABLE public.moon_moon_id_seq OWNER TO freecodecamp;

--
-- Name: moon_moon_id_seq; Type: SEQUENCE OWNED BY; Schema: public; Owner: freecodecamp
--

ALTER SEQUENCE public.moon_moon_id_seq OWNED BY public.moon.moon_id;


--
-- Name: nebula; Type: TABLE; Schema: public; Owner: freecodecamp
--

CREATE TABLE public.nebula (
    nebula_id integer NOT NULL,
    name character varying(255) NOT NULL,
    type character varying(100) NOT NULL,
    size_in_light_years numeric NOT NULL,
    has_new_stars boolean NOT NULL
);


ALTER TABLE public.nebula OWNER TO freecodecamp;

--
-- Name: nebula_nebula_id_seq; Type: SEQUENCE; Schema: public; Owner: freecodecamp
--

CREATE SEQUENCE public.nebula_nebula_id_seq
    AS integer
    START WITH 1
    INCREMENT BY 1
    NO MINVALUE
    NO MAXVALUE
    CACHE 1;


ALTER TABLE public.nebula_nebula_id_seq OWNER TO freecodecamp;

--
-- Name: nebula_nebula_id_seq; Type: SEQUENCE OWNED BY; Schema: public; Owner: freecodecamp
--

ALTER SEQUENCE public.nebula_nebula_id_seq OWNED BY public.nebula.nebula_id;


--
-- Name: planet; Type: TABLE; Schema: public; Owner: freecodecamp
--

CREATE TABLE public.planet (
    planet_id integer NOT NULL,
    name character varying(255) NOT NULL,
    has_life boolean NOT NULL,
    orbit_period numeric NOT NULL,
    star_id integer NOT NULL
);


ALTER TABLE public.planet OWNER TO freecodecamp;

--
-- Name: planet_planet_id_seq; Type: SEQUENCE; Schema: public; Owner: freecodecamp
--

CREATE SEQUENCE public.planet_planet_id_seq
    AS integer
    START WITH 1
    INCREMENT BY 1
    NO MINVALUE
    NO MAXVALUE
    CACHE 1;


ALTER TABLE public.planet_planet_id_seq OWNER TO freecodecamp;

--
-- Name: planet_planet_id_seq; Type: SEQUENCE OWNED BY; Schema: public; Owner: freecodecamp
--

ALTER SEQUENCE public.planet_planet_id_seq OWNED BY public.planet.planet_id;


--
-- Name: star; Type: TABLE; Schema: public; Owner: freecodecamp
--

CREATE TABLE public.star (
    star_id integer NOT NULL,
    name character varying(255) NOT NULL,
    type character varying(50) NOT NULL,
    temperature integer NOT NULL,
    galaxy_id integer NOT NULL
);


ALTER TABLE public.star OWNER TO freecodecamp;

--
-- Name: star_star_id_seq; Type: SEQUENCE; Schema: public; Owner: freecodecamp
--

CREATE SEQUENCE public.star_star_id_seq
    AS integer
    START WITH 1
    INCREMENT BY 1
    NO MINVALUE
    NO MAXVALUE
    CACHE 1;


ALTER TABLE public.star_star_id_seq OWNER TO freecodecamp;

--
-- Name: star_star_id_seq; Type: SEQUENCE OWNED BY; Schema: public; Owner: freecodecamp
--

ALTER SEQUENCE public.star_star_id_seq OWNED BY public.star.star_id;


--
-- Name: galaxy galaxy_id; Type: DEFAULT; Schema: public; Owner: freecodecamp
--

ALTER TABLE ONLY public.galaxy ALTER COLUMN galaxy_id SET DEFAULT nextval('public.galaxy_galaxy_id_seq'::regclass);


--
-- Name: moon moon_id; Type: DEFAULT; Schema: public; Owner: freecodecamp
--

ALTER TABLE ONLY public.moon ALTER COLUMN moon_id SET DEFAULT nextval('public.moon_moon_id_seq'::regclass);


--
-- Name: nebula nebula_id; Type: DEFAULT; Schema: public; Owner: freecodecamp
--

ALTER TABLE ONLY public.nebula ALTER COLUMN nebula_id SET DEFAULT nextval('public.nebula_nebula_id_seq'::regclass);


--
-- Name: planet planet_id; Type: DEFAULT; Schema: public; Owner: freecodecamp
--

ALTER TABLE ONLY public.planet ALTER COLUMN planet_id SET DEFAULT nextval('public.planet_planet_id_seq'::regclass);


--
-- Name: star star_id; Type: DEFAULT; Schema: public; Owner: freecodecamp
--

ALTER TABLE ONLY public.star ALTER COLUMN star_id SET DEFAULT nextval('public.star_star_id_seq'::regclass);


--
-- Data for Name: galaxy; Type: TABLE DATA; Schema: public; Owner: freecodecamp
--

INSERT INTO public.galaxy VALUES (1, 'Milky Way', 'Our home galaxy', 13600, true);
INSERT INTO public.galaxy VALUES (2, 'Andromeda', 'Nearest major galaxy', 10000, false);
INSERT INTO public.galaxy VALUES (3, 'Triangulum', 'A small spiral galaxy', 8000, false);
INSERT INTO public.galaxy VALUES (4, 'Whirlpool', 'Interacting grand-design spiral', 4000, false);
INSERT INTO public.galaxy VALUES (5, 'Sombrero', 'Unusual galaxy with a bright nucleus', 7000, false);
INSERT INTO public.galaxy VALUES (6, 'Cartwheel', 'Ring galaxy', 5000, false);


--
-- Data for Name: moon; Type: TABLE DATA; Schema: public; Owner: freecodecamp
--

INSERT INTO public.moon VALUES (1, 'Moon', true, 1000, 1);
INSERT INTO public.moon VALUES (2, 'Phobos', false, 150, 2);
INSERT INTO public.moon VALUES (3, 'Deimos', false, 50, 2);
INSERT INTO public.moon VALUES (4, 'Europa', true, 300, 5);
INSERT INTO public.moon VALUES (5, 'Ganymede', true, 500, 5);
INSERT INTO public.moon VALUES (6, 'Callisto', true, 450, 5);
INSERT INTO public.moon VALUES (7, 'Io', true, 600, 5);
INSERT INTO public.moon VALUES (8, 'Titan', true, 400, 6);
INSERT INTO public.moon VALUES (9, 'Rhea', true, 200, 6);
INSERT INTO public.moon VALUES (10, 'Iapetus', true, 350, 6);
INSERT INTO public.moon VALUES (11, 'Dione', true, 180, 6);
INSERT INTO public.moon VALUES (12, 'Tethys', true, 160, 6);
INSERT INTO public.moon VALUES (13, 'Enceladus', true, 120, 6);
INSERT INTO public.moon VALUES (14, 'Mimas', true, 80, 6);
INSERT INTO public.moon VALUES (15, 'Hyperion', false, 220, 6);
INSERT INTO public.moon VALUES (16, 'Miranda', true, 75, 7);
INSERT INTO public.moon VALUES (17, 'Oberon', true, 90, 7);
INSERT INTO public.moon VALUES (18, 'Titania', true, 85, 7);
INSERT INTO public.moon VALUES (19, 'Umbriel', true, 95, 7);
INSERT INTO public.moon VALUES (20, 'Ariel', true, 110, 7);


--
-- Data for Name: nebula; Type: TABLE DATA; Schema: public; Owner: freecodecamp
--

INSERT INTO public.nebula VALUES (1, 'Orion Nebula', 'Diffuse', 24, true);
INSERT INTO public.nebula VALUES (2, 'Crab Nebula', 'Supernova Remnant', 11, false);
INSERT INTO public.nebula VALUES (3, 'Eagle Nebula', 'Emission', 70, true);


--
-- Data for Name: planet; Type: TABLE DATA; Schema: public; Owner: freecodecamp
--

INSERT INTO public.planet VALUES (1, 'Earth', true, 365.25, 1);
INSERT INTO public.planet VALUES (2, 'Mars', false, 687, 1);
INSERT INTO public.planet VALUES (3, 'Venus', false, 225, 1);
INSERT INTO public.planet VALUES (4, 'Mercury', false, 88, 1);
INSERT INTO public.planet VALUES (5, 'Jupiter', false, 4333, 1);
INSERT INTO public.planet VALUES (6, 'Saturn', false, 10759, 1);
INSERT INTO public.planet VALUES (7, 'Uranus', false, 30687, 1);
INSERT INTO public.planet VALUES (8, 'Neptune', false, 60190, 1);
INSERT INTO public.planet VALUES (9, 'Kepler-22b', false, 290, 2);
INSERT INTO public.planet VALUES (10, 'Proxima b', true, 11.2, 6);
INSERT INTO public.planet VALUES (11, 'Gliese 581g', false, 36.6, 6);
INSERT INTO public.planet VALUES (12, 'TRAPPIST-1e', true, 6.1, 6);


--
-- Data for Name: star; Type: TABLE DATA; Schema: public; Owner: freecodecamp
--

INSERT INTO public.star VALUES (1, 'Sun', 'G-type', 5778, 1);
INSERT INTO public.star VALUES (2, 'Sirius', 'A-type', 9940, 1);
INSERT INTO public.star VALUES (3, 'Betelgeuse', 'Red supergiant', 3500, 1);
INSERT INTO public.star VALUES (4, 'Rigel', 'Blue supergiant', 12100, 1);
INSERT INTO public.star VALUES (5, 'Polaris', 'F-type', 6015, 1);
INSERT INTO public.star VALUES (6, 'Alpha Centauri', 'G-type', 5790, 1);


--
-- Name: galaxy_galaxy_id_seq; Type: SEQUENCE SET; Schema: public; Owner: freecodecamp
--

SELECT pg_catalog.setval('public.galaxy_galaxy_id_seq', 6, true);


--
-- Name: moon_moon_id_seq; Type: SEQUENCE SET; Schema: public; Owner: freecodecamp
--

SELECT pg_catalog.setval('public.moon_moon_id_seq', 20, true);


--
-- Name: nebula_nebula_id_seq; Type: SEQUENCE SET; Schema: public; Owner: freecodecamp
--

SELECT pg_catalog.setval('public.nebula_nebula_id_seq', 3, true);


--
-- Name: planet_planet_id_seq; Type: SEQUENCE SET; Schema: public; Owner: freecodecamp
--

SELECT pg_catalog.setval('public.planet_planet_id_seq', 12, true);


--
-- Name: star_star_id_seq; Type: SEQUENCE SET; Schema: public; Owner: freecodecamp
--

SELECT pg_catalog.setval('public.star_star_id_seq', 6, true);


--
-- Name: galaxy galaxy_name_key; Type: CONSTRAINT; Schema: public; Owner: freecodecamp
--

ALTER TABLE ONLY public.galaxy
    ADD CONSTRAINT galaxy_name_key UNIQUE (name);


--
-- Name: galaxy galaxy_pkey; Type: CONSTRAINT; Schema: public; Owner: freecodecamp
--

ALTER TABLE ONLY public.galaxy
    ADD CONSTRAINT galaxy_pkey PRIMARY KEY (galaxy_id);


--
-- Name: moon moon_name_key; Type: CONSTRAINT; Schema: public; Owner: freecodecamp
--

ALTER TABLE ONLY public.moon
    ADD CONSTRAINT moon_name_key UNIQUE (name);


--
-- Name: moon moon_pkey; Type: CONSTRAINT; Schema: public; Owner: freecodecamp
--

ALTER TABLE ONLY public.moon
    ADD CONSTRAINT moon_pkey PRIMARY KEY (moon_id);


--
-- Name: nebula nebula_name_key; Type: CONSTRAINT; Schema: public; Owner: freecodecamp
--

ALTER TABLE ONLY public.nebula
    ADD CONSTRAINT nebula_name_key UNIQUE (name);


--
-- Name: nebula nebula_pkey; Type: CONSTRAINT; Schema: public; Owner: freecodecamp
--

ALTER TABLE ONLY public.nebula
    ADD CONSTRAINT nebula_pkey PRIMARY KEY (nebula_id);


--
-- Name: planet planet_name_key; Type: CONSTRAINT; Schema: public; Owner: freecodecamp
--

ALTER TABLE ONLY public.planet
    ADD CONSTRAINT planet_name_key UNIQUE (name);


--
-- Name: planet planet_pkey; Type: CONSTRAINT; Schema: public; Owner: freecodecamp
--

ALTER TABLE ONLY public.planet
    ADD CONSTRAINT planet_pkey PRIMARY KEY (planet_id);


--
-- Name: star star_name_key; Type: CONSTRAINT; Schema: public; Owner: freecodecamp
--

ALTER TABLE ONLY public.star
    ADD CONSTRAINT star_name_key UNIQUE (name);


--
-- Name: star star_pkey; Type: CONSTRAINT; Schema: public; Owner: freecodecamp
--

ALTER TABLE ONLY public.star
    ADD CONSTRAINT star_pkey PRIMARY KEY (star_id);


--
-- Name: moon moon_planet_id_fkey; Type: FK CONSTRAINT; Schema: public; Owner: freecodecamp
--

ALTER TABLE ONLY public.moon
    ADD CONSTRAINT moon_planet_id_fkey FOREIGN KEY (planet_id) REFERENCES public.planet(planet_id);


--
-- Name: planet planet_star_id_fkey; Type: FK CONSTRAINT; Schema: public; Owner: freecodecamp
--

ALTER TABLE ONLY public.planet
    ADD CONSTRAINT planet_star_id_fkey FOREIGN KEY (star_id) REFERENCES public.star(star_id);


--
-- Name: star star_galaxy_id_fkey; Type: FK CONSTRAINT; Schema: public; Owner: freecodecamp
--

ALTER TABLE ONLY public.star
    ADD CONSTRAINT star_galaxy_id_fkey FOREIGN KEY (galaxy_id) REFERENCES public.galaxy(galaxy_id);


--
-- PostgreSQL database dump complete
--

